config,device,amp,num_workers,batch_size,epochs,loss_history,total_time_s,avg_epoch_s,throughput_img_s,peak_gpu_mem_mb,test_acc_pct,world_size,speedup
Config1_CPU,cpu,False,0.0,32.0,20.0,"[0.3511, 0.2032, 0.1599, 0.0883, 0.069, 0.0698, 0.0365, 0.0182, 0.0123, 0.0108, 0.0096, 0.0085, 0.0076, 0.0069, 0.0063, 0.0058, 0.0054, 0.0051, 0.0048, 0.0046]",8244.0,412.2,13.6,0.0,95.31,,1.0
Config2_GPU,cuda,False,0.0,32.0,20.0,"[0.3615, 0.2041, 0.1625, 0.1016, 0.071, 0.052, 0.0408, 0.0191, 0.0114, 0.0122, 0.0098, 0.0086, 0.0077, 0.0069, 0.0063, 0.0058, 0.0054, 0.0051, 0.0048, 0.0046]",1088.0,54.4,114.8,896.9,95.54,,7.58
Config3_GPU_AMP,cuda,True,0.0,32.0,20.0,"[0.3677, 0.199, 0.1566, 0.1194, 0.071, 0.0468, 0.0279, 0.0179, 0.0114, 0.01, 0.0089, 0.0079, 0.0071, 0.0064, 0.0058, 0.0053, 0.005, 0.0047, 0.0044, 0.0042]",2161.0,108.05,51.8,577.4,95.17,,3.81
Config4_GPU_AMP_ParallelLoad,cuda,True,2.0,32.0,20.0,"[0.3489, 0.1791, 0.147, 0.1036, 0.0744, 0.0486, 0.0344, 0.0189, 0.0111, 0.0112, 0.0094, 0.0083, 0.0074, 0.0067, 0.0061, 0.0056, 0.0052, 0.0049, 0.0046, 0.0044]",1995.0,99.75,56.1,577.4,95.31,,4.13
Config4_BS16,cuda,True,2.0,16.0,5.0,"[0.4298, 0.2551, 0.1697, 0.0896, 0.0491]",439.79,87.96,63.7,381.9,93.81,,18.75
Config4_BS32,cuda,True,2.0,32.0,5.0,"[0.3654, 0.1887, 0.1157, 0.052, 0.0304]",409.2,81.84,68.4,575.7,94.94,,20.15
Config4_BS64,cuda,True,2.0,64.0,5.0,"[0.3445, 0.1404, 0.0955, 0.0573, 0.024]",397.84,79.57,70.4,952.7,94.69,,20.72
Config4_BS128,cuda,True,2.0,128.0,5.0,"[0.2962, 0.1075, 0.0658, 0.0273, 0.0151]",395.15,79.03,70.9,1726.0,95.06,,20.86
Config5_DDP,,,,,,,1004.0,50.2,111.5,940.4,95.48,2.0,8.21
